Wendy	Wilkins
Lisa	Blake
Faith	Howard
Isaac	Carr
Kevin	Baker
Oliver	Knox
Emma	White
Sally	Clark
Isaac	Burgess
Claire	Mackay
Trevor	Hardacre
Peter	Oliver
Carol	Clark
Neil	Cornish
Audrey	Stewart
Eric	Walsh
Rachel	Langdon
Wanda	Paterson
Stewart	Nolan
Frank	Hodges
Steven	Allan
Carol	Butler
Alexander	Rutherford
Vanessa	Marshall
Connor	Carr
Christopher	Hardacre
Hannah	Kerr
Ruth	Springer
Jan	Marshall
James	Abraham
Una	North
Colin	Edmunds
Rebecca	Hamilton
Lucas	Bailey
Neil	Robertson
William	Arnold
Sue	Manning
Victor	Cornish
Irene	Alsop
Penelope	Hill
Madeleine	Randall
Natalie	Simpson
Robert	Clarkson
Julia	MacLeod
Jane	Bond
Nathan	Cornish
Megan	Peters
Jason	Randall
Paul	Glover
Dylan	Miller
Robert	Black
Angela	Edmunds
Peter	Clarkson
Matt	Carr
Madeleine	Edmunds
Evan	Gill
Jack	Harris
Alison	Miller
James	Jones
Connor	Smith
Kevin	Avery
Julia	Hill
Michael	Glover
Nicholas	Grant
Luke	Hughes
Steven	Abraham
Madeleine	Blake
Lisa	Hamilton
Blake	Roberts
Wanda	Rampling
Angela	Graham
Victor	Dickens
Natalie	MacLeod
Owen	Hunter
Sarah	Hudson
Lily	Harris
Kylie	Scott
Eric	Hunter
Jonathan	Smith
Sue	Terry
Megan	Taylor
Michelle	Duncan
Paul	Miller
Rose	Stewart
Max	Jackson
Vanessa	Wright
Joanne	Gray
Christian	Glover
Samantha	Dickens
Michael	Hamilton
Melanie	King
Jennifer	Paige
Christopher	Cameron
Paul	Jackson
Yvonne	Churchill
Brandon	Sanderson
Dorothy	Glover
Alexander	Jones
Andrew	Newman
Blake	Powell